date,city,pollutant_type,pm25,year,facility_type,number,beds
2019-05-10,Lahore,PM 2.5,231,2019,National,,
2019-05-11,Lahore,PM 2.5,171,2019,National,,
2019-05-12,Lahore,PM 2.5,209,2019,National,,
2019-05-13,Lahore,PM 2.5,188,2019,National,,
2019-05-14,Lahore,PM 2.5,194,2019,National,,
2019-05-15,Lahore,PM 2.5,145,2019,National,,
2019-05-16,Lahore,PM 2.5,182,2019,National,,
2019-05-17,Lahore,PM 2.5,173,2019,National,,
2019-05-18,Lahore,PM 2.5,177,2019,National,,
2019-05-19,Lahore,PM 2.5,156,2019,National,,
2019-05-20,Lahore,PM 2.5,184,2019,National,,
2019-05-21,Lahore,PM 2.5,167,2019,National,,
2019-05-22,Lahore,PM 2.5,171,2019,National,,
2019-05-23,Lahore,PM 2.5,231,2019,National,,
2019-05-24,Lahore,PM 2.5,139,2019,National,,
2019-05-25,Lahore,PM 2.5,141,2019,National,,
2019-05-26,Lahore,PM 2.5,129,2019,National,,
2019-05-27,Lahore,PM 2.5,157,2019,National,,
2019-05-28,Lahore,PM 2.5,161,2019,National,,
2019-05-29,Lahore,PM 2.5,179,2019,National,,
2019-05-30,Lahore,PM 2.5,198,2019,National,,
2019-05-31,Lahore,PM 2.5,249,2019,National,,
2019-06-01,Lahore,PM 2.5,185,2019,National,,
2019-06-02,Lahore,PM 2.5,222,2019,National,,
2019-06-03,Lahore,PM 2.5,170,2019,National,,
2019-06-04,Lahore,PM 2.5,223,2019,National,,
2019-06-05,Lahore,PM 2.5,153,2019,National,,
2019-06-06,Lahore,PM 2.5,157,2019,National,,
2019-06-07,Lahore,PM 2.5,129,2019,National,,
2019-06-08,Lahore,PM 2.5,149,2019,National,,
2019-06-09,Lahore,PM 2.5,156,2019,National,,
2019-06-10,Lahore,PM 2.5,160,2019,National,,
2019-06-11,Lahore,PM 2.5,168,2019,National,,
2019-06-12,Lahore,PM 2.5,171,2019,National,,
2019-06-13,Lahore,PM 2.5,160,2019,National,,
2019-06-14,Lahore,PM 2.5,142,2019,National,,
2019-06-15,Lahore,PM 2.5,156,2019,National,,
2019-06-16,Lahore,PM 2.5,188,2019,National,,
2019-06-17,Lahore,PM 2.5,154,2019,National,,
2019-06-18,Lahore,PM 2.5,153,2019,National,,
2019-06-19,Lahore,PM 2.5,128,2019,National,,
2019-06-20,Lahore,PM 2.5,169,2019,National,,
2019-06-21,Lahore,PM 2.5,153,2019,National,,
2019-06-22,Lahore,PM 2.5,188,2019,National,,
2019-06-23,Lahore,PM 2.5,159,2019,National,,
2019-06-24,Lahore,PM 2.5,160,2019,National,,
2019-06-25,Lahore,PM 2.5,163,2019,National,,
2019-06-26,Lahore,PM 2.5,176,2019,National,,
2019-06-27,Lahore,PM 2.5,166,2019,National,,
2019-06-28,Lahore,PM 2.5,135,2019,National,,
2019-06-29,Lahore,PM 2.5,186,2019,National,,
2019-06-30,Lahore,PM 2.5,151,2019,National,,
2019-07-01,Lahore,PM 2.5,149,2019,National,,
2019-07-02,Lahore,PM 2.5,152,2019,National,,
2019-07-03,Lahore,PM 2.5,156,2019,National,,
2019-07-04,Lahore,PM 2.5,158,2019,National,,
2019-07-05,Lahore,PM 2.5,154,2019,National,,
2019-07-06,Lahore,PM 2.5,124,2019,National,,
2019-07-07,Lahore,PM 2.5,141,2019,National,,
2019-07-08,Lahore,PM 2.5,149,2019,National,,
2019-07-09,Lahore,PM 2.5,155,2019,National,,
2019-07-10,Lahore,PM 2.5,127,2019,National,,
2019-07-11,Lahore,PM 2.5,153,2019,National,,
2019-07-12,Lahore,PM 2.5,139,2019,National,,
2019-07-13,Lahore,PM 2.5,171,2019,National,,
2019-07-14,Lahore,PM 2.5,139,2019,National,,
2019-07-15,Lahore,PM 2.5,89,2019,National,,
2019-07-16,Lahore,PM 2.5,137,2019,National,,
2019-07-17,Lahore,PM 2.5,119,2019,National,,
2019-07-18,Lahore,PM 2.5,103,2019,National,,
2019-07-19,Lahore,PM 2.5,119,2019,National,,
2019-07-20,Lahore,PM 2.5,133,2019,National,,
2019-07-21,Lahore,PM 2.5,136,2019,National,,
2019-07-22,Lahore,PM 2.5,135,2019,National,,
2019-07-23,Lahore,PM 2.5,156,2019,National,,
2019-07-24,Lahore,PM 2.5,164,2019,National,,
2019-07-25,Lahore,PM 2.5,156,2019,National,,
2019-07-26,Lahore,PM 2.5,105,2019,National,,
2019-07-27,Lahore,PM 2.5,103,2019,National,,
2019-07-28,Lahore,PM 2.5,108,2019,National,,
2019-07-29,Lahore,PM 2.5,123,2019,National,,
2019-07-30,Lahore,PM 2.5,123,2019,National,,
2019-07-31,Lahore,PM 2.5,125,2019,National,,
2019-08-01,Lahore,PM 2.5,106,2019,National,,
2019-08-02,Lahore,PM 2.5,116,2019,National,,
2019-08-03,Lahore,PM 2.5,78,2019,National,,
2019-08-04,Lahore,PM 2.5,101,2019,National,,
2019-08-05,Lahore,PM 2.5,113,2019,National,,
2019-08-06,Lahore,PM 2.5,105,2019,National,,
2019-08-07,Lahore,PM 2.5,141,2019,National,,
2019-08-08,Lahore,PM 2.5,114,2019,National,,
2019-08-09,Lahore,PM 2.5,164,2019,National,,
2019-08-10,Lahore,PM 2.5,154,2019,National,,
2019-08-11,Lahore,PM 2.5,143,2019,National,,
2019-08-12,Lahore,PM 2.5,104,2019,National,,
2019-08-13,Lahore,PM 2.5,112,2019,National,,
2019-08-14,Lahore,PM 2.5,104,2019,National,,
2019-08-15,Lahore,PM 2.5,123,2019,National,,
2019-08-16,Lahore,PM 2.5,113,2019,National,,
2019-08-17,Lahore,PM 2.5,98,2019,National,,
2019-08-18,Lahore,PM 2.5,85,2019,National,,
2019-08-19,Lahore,PM 2.5,119,2019,National,,
2019-08-20,Lahore,PM 2.5,98,2019,National,,
2019-08-21,Lahore,PM 2.5,133,2019,National,,
2019-08-22,Lahore,PM 2.5,142,2019,National,,
2019-08-23,Lahore,PM 2.5,129,2019,National,,
2019-08-24,Lahore,PM 2.5,131,2019,National,,
2019-08-25,Lahore,PM 2.5,157,2019,National,,
2019-08-26,Lahore,PM 2.5,144,2019,National,,
2019-08-27,Lahore,PM 2.5,115,2019,National,,
2019-08-28,Lahore,PM 2.5,160,2019,National,,
2019-08-29,Lahore,PM 2.5,198,2019,National,,
2019-08-30,Lahore,PM 2.5,160,2019,National,,
2019-08-31,Lahore,PM 2.5,143,2019,National,,
2019-09-01,Lahore,PM 2.5,174,2019,National,,
2019-09-02,Lahore,PM 2.5,146,2019,National,,
2019-09-03,Lahore,PM 2.5,148,2019,National,,
2019-09-04,Lahore,PM 2.5,166,2019,National,,
2019-09-05,Lahore,PM 2.5,167,2019,National,,
2019-09-06,Lahore,PM 2.5,101,2019,National,,
2019-09-07,Lahore,PM 2.5,136,2019,National,,
2019-09-08,Lahore,PM 2.5,133,2019,National,,
2019-09-09,Lahore,PM 2.5,163,2019,National,,
2019-09-10,Lahore,PM 2.5,155,2019,National,,
2019-09-11,Lahore,PM 2.5,151,2019,National,,
2019-09-12,Lahore,PM 2.5,155,2019,National,,
2019-09-13,Lahore,PM 2.5,162,2019,National,,
2019-09-14,Lahore,PM 2.5,157,2019,National,,
2019-09-15,Lahore,PM 2.5,159,2019,National,,
2019-09-16,Lahore,PM 2.5,158,2019,National,,
2019-09-17,Lahore,PM 2.5,145,2019,National,,
2019-09-18,Lahore,PM 2.5,136,2019,National,,
2019-09-19,Lahore,PM 2.5,159,2019,National,,
2019-09-20,Lahore,PM 2.5,133,2019,National,,
2019-09-21,Lahore,PM 2.5,128,2019,National,,
2019-09-22,Lahore,PM 2.5,183,2019,National,,
2019-09-23,Lahore,PM 2.5,155,2019,National,,
2019-09-24,Lahore,PM 2.5,130,2019,National,,
2019-09-25,Lahore,PM 2.5,133,2019,National,,
2019-09-26,Lahore,PM 2.5,150,2019,National,,
2019-09-27,Lahore,PM 2.5,161,2019,National,,
2019-09-28,Lahore,PM 2.5,156,2019,National,,
2019-09-29,Lahore,PM 2.5,116,2019,National,,
2019-09-30,Lahore,PM 2.5,93,2019,National,,
2019-10-01,Lahore,PM 2.5,183,2019,National,,
2019-10-02,Lahore,PM 2.5,142,2019,National,,
2019-10-03,Lahore,PM 2.5,162,2019,National,,
2019-10-04,Lahore,PM 2.5,163,2019,National,,
2019-10-05,Lahore,PM 2.5,185,2019,National,,
2019-10-06,Lahore,PM 2.5,-,2019,National,,
2019-10-07,Lahore,PM 2.5,-,2019,National,,
2019-10-08,Lahore,PM 2.5,144,2019,National,,
2019-10-09,Lahore,PM 2.5,155,2019,National,,
2019-10-10,Lahore,PM 2.5,185,2019,National,,
2019-10-11,Lahore,PM 2.5,184,2019,National,,
2019-10-12,Lahore,PM 2.5,224,2019,National,,
2019-10-13,Lahore,PM 2.5,192,2019,National,,
2019-10-14,Lahore,PM 2.5,200,2019,National,,
2019-10-15,Lahore,PM 2.5,200,2019,National,,
2019-10-16,Lahore,PM 2.5,188,2019,National,,
2019-10-17,Lahore,PM 2.5,223,2019,National,,
2019-10-18,Lahore,PM 2.5,246,2019,National,,
2019-10-19,Lahore,PM 2.5,156,2019,National,,
2019-10-20,Lahore,PM 2.5,163,2019,National,,
2019-10-21,Lahore,PM 2.5,165,2019,National,,
2019-10-22,Lahore,PM 2.5,187,2019,National,,
2019-10-23,Lahore,PM 2.5,193,2019,National,,
2019-10-24,Lahore,PM 2.5,213,2019,National,,
2019-10-25,Lahore,PM 2.5,237,2019,National,,
2019-10-26,Lahore,PM 2.5,253,2019,National,,
2019-10-27,Lahore,PM 2.5,294,2019,National,,
2019-10-28,Lahore,PM 2.5,265,2019,National,,
2019-10-29,Lahore,PM 2.5,297,2019,National,,
2019-10-30,Lahore,PM 2.5,315,2019,National,,
2019-10-31,Lahore,PM 2.5,374,2019,National,,
2019-11-01,Lahore,PM 2.5,338,2019,National,,
2019-11-02,Lahore,PM 2.5,402,2019,National,,
2019-11-03,Lahore,PM 2.5,288,2019,National,,
2019-11-04,Lahore,PM 2.5,255,2019,National,,
2019-11-05,Lahore,PM 2.5,248,2019,National,,
2019-11-06,Lahore,PM 2.5,204,2019,National,,
2019-11-07,Lahore,PM 2.5,266,2019,National,,
2019-11-08,Lahore,PM 2.5,136,2019,National,,
2019-11-09,Lahore,PM 2.5,165,2019,National,,
2019-11-10,Lahore,PM 2.5,200,2019,National,,
2019-11-11,Lahore,PM 2.5,182,2019,National,,
2019-11-12,Lahore,PM 2.5,207,2019,National,,
2019-11-13,Lahore,PM 2.5,272,2019,National,,
2019-11-14,Lahore,PM 2.5,370,2019,National,,
2019-11-15,Lahore,PM 2.5,369,2019,National,,
2019-11-16,Lahore,PM 2.5,286,2019,National,,
2019-11-17,Lahore,PM 2.5,259,2019,National,,
2019-11-18,Lahore,PM 2.5,188,2019,National,,
2019-11-19,Lahore,PM 2.5,214,2019,National,,
2019-11-20,Lahore,PM 2.5,299,2019,National,,
2019-11-21,Lahore,PM 2.5,310,2019,National,,
2019-11-22,Lahore,PM 2.5,451,2019,National,,
2019-11-23,Lahore,PM 2.5,319,2019,National,,
2019-11-24,Lahore,PM 2.5,181,2019,National,,
2019-11-25,Lahore,PM 2.5,186,2019,National,,
2019-11-26,Lahore,PM 2.5,236,2019,National,,
2019-11-27,Lahore,PM 2.5,333,2019,National,,
2019-11-28,Lahore,PM 2.5,186,2019,National,,
2019-11-29,Lahore,PM 2.5,227,2019,National,,
2019-11-30,Lahore,PM 2.5,221,2019,National,,
2019-12-01,Lahore,PM 2.5,200,2019,National,,
2019-12-02,Lahore,PM 2.5,254,2019,National,,
2019-12-03,Lahore,PM 2.5,273,2019,National,,
2019-12-04,Lahore,PM 2.5,276,2019,National,,
2019-12-05,Lahore,PM 2.5,324,2019,National,,
2019-12-06,Lahore,PM 2.5,333,2019,National,,
2019-12-07,Lahore,PM 2.5,370,2019,National,,
2019-12-08,Lahore,PM 2.5,317,2019,National,,
2019-12-09,Lahore,PM 2.5,369,2019,National,,
2019-12-10,Lahore,PM 2.5,337,2019,National,,
2019-12-11,Lahore,PM 2.5,478,2019,National,,
2019-12-12,Lahore,PM 2.5,380,2019,National,,
2019-12-13,Lahore,PM 2.5,281,2019,National,,
2019-12-14,Lahore,PM 2.5,171,2019,National,,
2019-12-15,Lahore,PM 2.5,224,2019,National,,
2019-12-16,Lahore,PM 2.5,192,2019,National,,
2019-12-17,Lahore,PM 2.5,189,2019,National,,
2019-12-18,Lahore,PM 2.5,260,2019,National,,
2019-12-19,Lahore,PM 2.5,294,2019,National,,
2019-12-20,Lahore,PM 2.5,236,2019,National,,
2019-12-21,Lahore,PM 2.5,417,2019,National,,
2019-12-22,Lahore,PM 2.5,305,2019,National,,
2019-12-23,Lahore,PM 2.5,276,2019,National,,
2019-12-24,Lahore,PM 2.5,313,2019,National,,
2019-12-25,Lahore,PM 2.5,280,2019,National,,
2019-12-26,Lahore,PM 2.5,282,2019,National,,
2019-12-27,Lahore,PM 2.5,296,2019,National,,
2019-12-28,Lahore,PM 2.5,315,2019,National,,
2019-12-29,Lahore,PM 2.5,330,2019,National,,
2019-12-30,Lahore,PM 2.5,312,2019,National,,
2019-12-31,Lahore,PM 2.5,-,2019,National,,
2019-05-24,Karachi,PM 2.5,112,2019,National,,
2019-05-25,Karachi,PM 2.5,124,2019,National,,
2019-05-26,Karachi,PM 2.5,127,2019,National,,
2019-05-27,Karachi,PM 2.5,119,2019,National,,
2019-05-28,Karachi,PM 2.5,93,2019,National,,
2019-05-29,Karachi,PM 2.5,89,2019,National,,
2019-05-30,Karachi,PM 2.5,77,2019,National,,
2019-05-31,Karachi,PM 2.5,84,2019,National,,
2019-06-01,Karachi,PM 2.5,100,2019,National,,
2019-06-02,Karachi,PM 2.5,78,2019,National,,
2019-06-03,Karachi,PM 2.5,72,2019,National,,
2019-06-04,Karachi,PM 2.5,65,2019,National,,
2019-06-05,Karachi,PM 2.5,66,2019,National,,
2019-06-06,Karachi,PM 2.5,62,2019,National,,
2019-06-07,Karachi,PM 2.5,62,2019,National,,
2019-06-08,Karachi,PM 2.5,63,2019,National,,
2019-06-09,Karachi,PM 2.5,61,2019,National,,
2019-06-10,Karachi,PM 2.5,62,2019,National,,
2019-06-11,Karachi,PM 2.5,67,2019,National,,
2019-06-12,Karachi,PM 2.5,76,2019,National,,
2019-06-13,Karachi,PM 2.5,112,2019,National,,
2019-06-14,Karachi,PM 2.5,127,2019,National,,
2019-06-15,Karachi,PM 2.5,113,2019,National,,
2019-06-16,Karachi,PM 2.5,101,2019,National,,
2019-06-17,Karachi,PM 2.5,85,2019,National,,
2019-06-18,Karachi,PM 2.5,73,2019,National,,
2019-06-19,Karachi,PM 2.5,83,2019,National,,
2019-06-20,Karachi,PM 2.5,99,2019,National,,
2019-06-21,Karachi,PM 2.5,90,2019,National,,
2019-06-22,Karachi,PM 2.5,102,2019,National,,
2019-06-23,Karachi,PM 2.5,133,2019,National,,
2019-06-24,Karachi,PM 2.5,116,2019,National,,
2019-06-25,Karachi,PM 2.5,118,2019,National,,
2019-06-26,Karachi,PM 2.5,95,2019,National,,
2019-06-27,Karachi,PM 2.5,82,2019,National,,
2019-06-28,Karachi,PM 2.5,79,2019,National,,
2019-06-29,Karachi,PM 2.5,88,2019,National,,
2019-06-30,Karachi,PM 2.5,91,2019,National,,
2019-07-01,Karachi,PM 2.5,93,2019,National,,
2019-07-02,Karachi,PM 2.5,88,2019,National,,
2019-07-03,Karachi,PM 2.5,94,2019,National,,
2019-07-04,Karachi,PM 2.5,90,2019,National,,
2019-07-05,Karachi,PM 2.5,94,2019,National,,
2019-07-06,Karachi,PM 2.5,98,2019,National,,
2019-07-07,Karachi,PM 2.5,101,2019,National,,
2019-07-08,Karachi,PM 2.5,103,2019,National,,
2019-07-09,Karachi,PM 2.5,111,2019,National,,
2019-07-10,Karachi,PM 2.5,113,2019,National,,
2019-07-11,Karachi,PM 2.5,95,2019,National,,
2019-07-12,Karachi,PM 2.5,97,2019,National,,
2019-07-13,Karachi,PM 2.5,98,2019,National,,
2019-07-14,Karachi,PM 2.5,89,2019,National,,
2019-07-15,Karachi,PM 2.5,81,2019,National,,
2019-07-16,Karachi,PM 2.5,90,2019,National,,
2019-07-17,Karachi,PM 2.5,87,2019,National,,
2019-07-18,Karachi,PM 2.5,91,2019,National,,
2019-07-19,Karachi,PM 2.5,90,2019,National,,
2019-07-20,Karachi,PM 2.5,87,2019,National,,
2019-07-21,Karachi,PM 2.5,88,2019,National,,
2019-07-22,Karachi,PM 2.5,82,2019,National,,
2019-07-23,Karachi,PM 2.5,83,2019,National,,
2019-07-24,Karachi,PM 2.5,80,2019,National,,
2019-07-25,Karachi,PM 2.5,75,2019,National,,
2019-07-26,Karachi,PM 2.5,81,2019,National,,
2019-07-27,Karachi,PM 2.5,101,2019,National,,
2019-07-28,Karachi,PM 2.5,90,2019,National,,
2019-07-29,Karachi,PM 2.5,82,2019,National,,
2019-07-30,Karachi,PM 2.5,73,2019,National,,
2019-07-31,Karachi,PM 2.5,72,2019,National,,
2019-08-01,Karachi,PM 2.5,75,2019,National,,
2019-08-02,Karachi,PM 2.5,84,2019,National,,
2019-08-03,Karachi,PM 2.5,91,2019,National,,
2019-08-04,Karachi,PM 2.5,88,2019,National,,
2019-08-05,Karachi,PM 2.5,87,2019,National,,
2019-08-06,Karachi,PM 2.5,89,2019,National,,
2019-08-07,Karachi,PM 2.5,96,2019,National,,
2019-08-08,Karachi,PM 2.5,103,2019,National,,
2019-08-09,Karachi,PM 2.5,114,2019,National,,
2019-08-10,Karachi,PM 2.5,120,2019,National,,
2019-08-11,Karachi,PM 2.5,101,2019,National,,
2019-08-12,Karachi,PM 2.5,62,2019,National,,
2019-08-13,Karachi,PM 2.5,55,2019,National,,
2019-08-14,Karachi,PM 2.5,82,2019,National,,
2019-08-15,Karachi,PM 2.5,50,2019,National,,
2019-08-16,Karachi,PM 2.5,56,2019,National,,
2019-08-17,Karachi,PM 2.5,63,2019,National,,
2019-08-18,Karachi,PM 2.5,55,2019,National,,
2019-08-19,Karachi,PM 2.5,58,2019,National,,
2019-08-20,Karachi,PM 2.5,64,2019,National,,
2019-08-21,Karachi,PM 2.5,65,2019,National,,
2019-08-22,Karachi,PM 2.5,73,2019,National,,
2019-08-23,Karachi,PM 2.5,69,2019,National,,
2019-08-24,Karachi,PM 2.5,79,2019,National,,
2019-08-25,Karachi,PM 2.5,78,2019,National,,
2019-08-26,Karachi,PM 2.5,86,2019,National,,
2019-08-27,Karachi,PM 2.5,90,2019,National,,
2019-08-28,Karachi,PM 2.5,85,2019,National,,
2019-08-29,Karachi,PM 2.5,91,2019,National,,
2019-08-30,Karachi,PM 2.5,89,2019,National,,
2019-08-31,Karachi,PM 2.5,118,2019,National,,
2019-09-01,Karachi,PM 2.5,107,2019,National,,
2019-09-02,Karachi,PM 2.5,78,2019,National,,
2019-09-03,Karachi,PM 2.5,82,2019,National,,
2019-09-04,Karachi,PM 2.5,81,2019,National,,
2019-09-05,Karachi,PM 2.5,77,2019,National,,
2019-09-06,Karachi,PM 2.5,79,2019,National,,
2019-09-07,Karachi,PM 2.5,85,2019,National,,
2019-09-08,Karachi,PM 2.5,86,2019,National,,
2019-09-09,Karachi,PM 2.5,88,2019,National,,
2019-09-10,Karachi,PM 2.5,81,2019,National,,
2019-09-11,Karachi,PM 2.5,76,2019,National,,
2019-09-12,Karachi,PM 2.5,87,2019,National,,
2019-09-13,Karachi,PM 2.5,81,2019,National,,
2019-09-14,Karachi,PM 2.5,77,2019,National,,
2019-09-15,Karachi,PM 2.5,71,2019,National,,
2019-09-16,Karachi,PM 2.5,69,2019,National,,
2019-09-17,Karachi,PM 2.5,68,2019,National,,
2019-09-18,Karachi,PM 2.5,78,2019,National,,
2019-09-19,Karachi,PM 2.5,96,2019,National,,
2019-09-20,Karachi,PM 2.5,99,2019,National,,
2019-09-21,Karachi,PM 2.5,100,2019,National,,
2019-09-22,Karachi,PM 2.5,131,2019,National,,
2019-09-23,Karachi,PM 2.5,136,2019,National,,
2019-09-24,Karachi,PM 2.5,118,2019,National,,
2019-09-25,Karachi,PM 2.5,79,2019,National,,
2019-09-26,Karachi,PM 2.5,91,2019,National,,
2019-09-27,Karachi,PM 2.5,139,2019,National,,
2019-09-28,Karachi,PM 2.5,119,2019,National,,
2019-09-29,Karachi,PM 2.5,134,2019,National,,
2019-09-30,Karachi,PM 2.5,73,2019,National,,
2019-10-01,Karachi,PM 2.5,95,2019,National,,
2019-10-02,Karachi,PM 2.5,63,2019,National,,
2019-10-03,Karachi,PM 2.5,66,2019,National,,
2019-10-04,Karachi,PM 2.5,70,2019,National,,
2019-10-05,Karachi,PM 2.5,79,2019,National,,
2019-10-06,Karachi,PM 2.5,91,2019,National,,
2019-10-07,Karachi,PM 2.5,79,2019,National,,
2019-10-08,Karachi,PM 2.5,84,2019,National,,
2019-10-09,Karachi,PM 2.5,114,2019,National,,
2019-10-10,Karachi,PM 2.5,103,2019,National,,
2019-10-11,Karachi,PM 2.5,87,2019,National,,
2019-10-12,Karachi,PM 2.5,104,2019,National,,
2019-10-13,Karachi,PM 2.5,99,2019,National,,
2019-10-14,Karachi,PM 2.5,106,2019,National,,
2019-10-15,Karachi,PM 2.5,91,2019,National,,
2019-10-16,Karachi,PM 2.5,101,2019,National,,
2019-10-17,Karachi,PM 2.5,121,2019,National,,
2019-10-18,Karachi,PM 2.5,102,2019,National,,
2019-10-19,Karachi,PM 2.5,118,2019,National,,
2019-10-20,Karachi,PM 2.5,156,2019,National,,
2019-10-21,Karachi,PM 2.5,148,2019,National,,
2019-10-22,Karachi,PM 2.5,169,2019,National,,
2019-10-23,Karachi,PM 2.5,155,2019,National,,
2019-10-24,Karachi,PM 2.5,118,2019,National,,
2019-10-25,Karachi,PM 2.5,145,2019,National,,
2019-10-26,Karachi,PM 2.5,161,2019,National,,
2019-10-27,Karachi,PM 2.5,161,2019,National,,
2019-10-28,Karachi,PM 2.5,156,2019,National,,
2019-10-29,Karachi,PM 2.5,144,2019,National,,
2019-10-30,Karachi,PM 2.5,146,2019,National,,
2019-10-31,Karachi,PM 2.5,122,2019,National,,
2019-11-01,Karachi,PM 2.5,101,2019,National,,
2019-11-02,Karachi,PM 2.5,129,2019,National,,
2019-11-03,Karachi,PM 2.5,105,2019,National,,
2019-11-04,Karachi,PM 2.5,89,2019,National,,
2019-11-05,Karachi,PM 2.5,117,2019,National,,
2019-11-06,Karachi,PM 2.5,131,2019,National,,
2019-11-07,Karachi,PM 2.5,106,2019,National,,
2019-11-08,Karachi,PM 2.5,-,2019,National,,
2019-11-09,Karachi,PM 2.5,-,2019,National,,
2019-11-10,Karachi,PM 2.5,-,2019,National,,
2019-11-11,Karachi,PM 2.5,136,2019,National,,
2019-11-12,Karachi,PM 2.5,147,2019,National,,
2019-11-13,Karachi,PM 2.5,164,2019,National,,
2019-11-14,Karachi,PM 2.5,168,2019,National,,
2019-11-15,Karachi,PM 2.5,152,2019,National,,
2019-11-16,Karachi,PM 2.5,-,2019,National,,
2019-11-17,Karachi,PM 2.5,-,2019,National,,
2019-11-18,Karachi,PM 2.5,-,2019,National,,
2019-11-19,Karachi,PM 2.5,129,2019,National,,
2019-11-20,Karachi,PM 2.5,134,2019,National,,
2019-11-21,Karachi,PM 2.5,113,2019,National,,
2019-11-22,Karachi,PM 2.5,145,2019,National,,
2019-11-23,Karachi,PM 2.5,166,2019,National,,
2019-11-24,Karachi,PM 2.5,171,2019,National,,
2019-11-25,Karachi,PM 2.5,160,2019,National,,
2019-11-26,Karachi,PM 2.5,143,2019,National,,
2019-11-27,Karachi,PM 2.5,141,2019,National,,
2019-11-28,Karachi,PM 2.5,149,2019,National,,
2019-11-29,Karachi,PM 2.5,156,2019,National,,
2019-11-30,Karachi,PM 2.5,150,2019,National,,
2019-12-01,Karachi,PM 2.5,158,2019,National,,
2019-12-02,Karachi,PM 2.5,148,2019,National,,
2019-12-03,Karachi,PM 2.5,155,2019,National,,
2019-12-04,Karachi,PM 2.5,140,2019,National,,
2019-12-05,Karachi,PM 2.5,132,2019,National,,
2019-12-06,Karachi,PM 2.5,138,2019,National,,
2019-12-07,Karachi,PM 2.5,137,2019,National,,
2019-12-08,Karachi,PM 2.5,143,2019,National,,
2019-12-09,Karachi,PM 2.5,148,2019,National,,
2019-12-10,Karachi,PM 2.5,167,2019,National,,
2019-12-11,Karachi,PM 2.5,210,2019,National,,
2019-12-12,Karachi,PM 2.5,102,2019,National,,
2019-12-13,Karachi,PM 2.5,160,2019,National,,
2019-12-14,Karachi,PM 2.5,169,2019,National,,
2019-12-15,Karachi,PM 2.5,157,2019,National,,
2019-12-16,Karachi,PM 2.5,161,2019,National,,
2019-12-17,Karachi,PM 2.5,164,2019,National,,
2019-12-18,Karachi,PM 2.5,134,2019,National,,
2019-12-19,Karachi,PM 2.5,141,2019,National,,
2019-12-20,Karachi,PM 2.5,175,2019,National,,
2019-12-21,Karachi,PM 2.5,165,2019,National,,
2019-12-22,Karachi,PM 2.5,154,2019,National,,
2019-12-23,Karachi,PM 2.5,135,2019,National,,
2019-12-24,Karachi,PM 2.5,146,2019,National,,
2019-12-25,Karachi,PM 2.5,152,2019,National,,
2019-12-26,Karachi,PM 2.5,149,2019,National,,
2019-12-27,Karachi,PM 2.5,165,2019,National,,
2019-12-28,Karachi,PM 2.5,210,2019,National,,
2019-12-29,Karachi,PM 2.5,198,2019,National,,
2019-12-30,Karachi,PM 2.5,177,2019,National,,
2019-12-31,Karachi,PM 2.5,-,2019,National,,
2019-04-29,Islamabad,PM 2.5,162,2019,National,,
2019-04-30,Islamabad,PM 2.5,124,2019,National,,
2019-05-01,Islamabad,PM 2.5,89,2019,National,,
2019-05-02,Islamabad,PM 2.5,87,2019,National,,
2019-05-03,Islamabad,PM 2.5,69,2019,National,,
2019-05-04,Islamabad,PM 2.5,72,2019,National,,
2019-05-05,Islamabad,PM 2.5,108,2019,National,,
2019-05-06,Islamabad,PM 2.5,-,2019,National,,
2019-05-07,Islamabad,PM 2.5,64,2019,National,,
2019-05-08,Islamabad,PM 2.5,130,2019,National,,
2019-05-09,Islamabad,PM 2.5,100,2019,National,,
2019-05-10,Islamabad,PM 2.5,111,2019,National,,
2019-05-11,Islamabad,PM 2.5,86,2019,National,,
2019-05-12,Islamabad,PM 2.5,80,2019,National,,
2019-05-13,Islamabad,PM 2.5,90,2019,National,,
2019-05-14,Islamabad,PM 2.5,92,2019,National,,
2019-05-15,Islamabad,PM 2.5,80,2019,National,,
2019-05-16,Islamabad,PM 2.5,108,2019,National,,
2019-05-17,Islamabad,PM 2.5,88,2019,National,,
2019-05-18,Islamabad,PM 2.5,109,2019,National,,
2019-05-19,Islamabad,PM 2.5,87,2019,National,,
2019-05-20,Islamabad,PM 2.5,86,2019,National,,
2019-05-21,Islamabad,PM 2.5,73,2019,National,,
2019-05-22,Islamabad,PM 2.5,94,2019,National,,
2019-05-23,Islamabad,PM 2.5,101,2019,National,,
2019-05-24,Islamabad,PM 2.5,81,2019,National,,
2019-05-25,Islamabad,PM 2.5,67,2019,National,,
2019-05-26,Islamabad,PM 2.5,70,2019,National,,
2019-05-27,Islamabad,PM 2.5,75,2019,National,,
2019-05-28,Islamabad,PM 2.5,83,2019,National,,
2019-05-29,Islamabad,PM 2.5,87,2019,National,,
2019-05-30,Islamabad,PM 2.5,83,2019,National,,
2019-05-31,Islamabad,PM 2.5,85,2019,National,,
2019-06-01,Islamabad,PM 2.5,94,2019,National,,
2019-06-02,Islamabad,PM 2.5,95,2019,National,,
2019-06-03,Islamabad,PM 2.5,119,2019,National,,
2019-06-04,Islamabad,PM 2.5,90,2019,National,,
2019-06-05,Islamabad,PM 2.5,79,2019,National,,
2019-06-06,Islamabad,PM 2.5,78,2019,National,,
2019-06-07,Islamabad,PM 2.5,81,2019,National,,
2019-06-08,Islamabad,PM 2.5,76,2019,National,,
2019-06-09,Islamabad,PM 2.5,85,2019,National,,
2019-06-10,Islamabad,PM 2.5,95,2019,National,,
2019-06-11,Islamabad,PM 2.5,142,2019,National,,
2019-06-12,Islamabad,PM 2.5,66,2019,National,,
2019-06-13,Islamabad,PM 2.5,72,2019,National,,
2019-06-14,Islamabad,PM 2.5,87,2019,National,,
2019-06-15,Islamabad,PM 2.5,100,2019,National,,
2019-06-16,Islamabad,PM 2.5,94,2019,National,,
2019-06-17,Islamabad,PM 2.5,88,2019,National,,
2019-06-18,Islamabad,PM 2.5,101,2019,National,,
2019-06-19,Islamabad,PM 2.5,81,2019,National,,
2019-06-20,Islamabad,PM 2.5,104,2019,National,,
2019-06-21,Islamabad,PM 2.5,70,2019,National,,
2019-06-22,Islamabad,PM 2.5,84,2019,National,,
2019-06-23,Islamabad,PM 2.5,89,2019,National,,
2019-06-24,Islamabad,PM 2.5,75,2019,National,,
2019-06-25,Islamabad,PM 2.5,86,2019,National,,
2019-06-26,Islamabad,PM 2.5,76,2019,National,,
2019-06-27,Islamabad,PM 2.5,83,2019,National,,
2019-06-28,Islamabad,PM 2.5,98,2019,National,,
2019-06-29,Islamabad,PM 2.5,99,2019,National,,
2019-06-30,Islamabad,PM 2.5,119,2019,National,,
2019-07-01,Islamabad,PM 2.5,87,2019,National,,
2019-07-02,Islamabad,PM 2.5,97,2019,National,,
2019-07-03,Islamabad,PM 2.5,118,2019,National,,
2019-07-04,Islamabad,PM 2.5,144,2019,National,,
2019-07-05,Islamabad,PM 2.5,136,2019,National,,
2019-07-06,Islamabad,PM 2.5,103,2019,National,,
2019-07-07,Islamabad,PM 2.5,112,2019,National,,
2019-07-08,Islamabad,PM 2.5,107,2019,National,,
2019-07-09,Islamabad,PM 2.5,128,2019,National,,
2019-07-10,Islamabad,PM 2.5,106,2019,National,,
2019-07-11,Islamabad,PM 2.5,86,2019,National,,
2019-07-12,Islamabad,PM 2.5,87,2019,National,,
2019-07-13,Islamabad,PM 2.5,127,2019,National,,
2019-07-14,Islamabad,PM 2.5,75,2019,National,,
2019-07-15,Islamabad,PM 2.5,82,2019,National,,
2019-07-16,Islamabad,PM 2.5,92,2019,National,,
2019-07-17,Islamabad,PM 2.5,99,2019,National,,
2019-07-18,Islamabad,PM 2.5,113,2019,National,,
2019-07-19,Islamabad,PM 2.5,96,2019,National,,
2019-07-20,Islamabad,PM 2.5,84,2019,National,,
2019-07-21,Islamabad,PM 2.5,75,2019,National,,
2019-07-22,Islamabad,PM 2.5,101,2019,National,,
2019-07-23,Islamabad,PM 2.5,121,2019,National,,
2019-07-24,Islamabad,PM 2.5,118,2019,National,,
2019-07-25,Islamabad,PM 2.5,132,2019,National,,
2019-07-26,Islamabad,PM 2.5,69,2019,National,,
2019-07-27,Islamabad,PM 2.5,67,2019,National,,
2019-07-28,Islamabad,PM 2.5,68,2019,National,,
2019-07-29,Islamabad,PM 2.5,53,2019,National,,
2019-07-30,Islamabad,PM 2.5,70,2019,National,,
2019-07-31,Islamabad,PM 2.5,80,2019,National,,
2019-08-01,Islamabad,PM 2.5,70,2019,National,,
2019-08-02,Islamabad,PM 2.5,54,2019,National,,
2019-08-03,Islamabad,PM 2.5,74,2019,National,,
2019-08-04,Islamabad,PM 2.5,84,2019,National,,
2019-08-05,Islamabad,PM 2.5,87,2019,National,,
2019-08-06,Islamabad,PM 2.5,96,2019,National,,
2019-08-07,Islamabad,PM 2.5,103,2019,National,,
2019-08-08,Islamabad,PM 2.5,66,2019,National,,
2019-08-09,Islamabad,PM 2.5,76,2019,National,,
2019-08-10,Islamabad,PM 2.5,73,2019,National,,
2019-08-11,Islamabad,PM 2.5,58,2019,National,,
2019-08-12,Islamabad,PM 2.5,67,2019,National,,
2019-08-13,Islamabad,PM 2.5,83,2019,National,,
2019-08-14,Islamabad,PM 2.5,68,2019,National,,
2019-08-15,Islamabad,PM 2.5,67,2019,National,,
2019-08-16,Islamabad,PM 2.5,93,2019,National,,
2019-08-17,Islamabad,PM 2.5,96,2019,National,,
2019-08-18,Islamabad,PM 2.5,69,2019,National,,
2019-08-19,Islamabad,PM 2.5,80,2019,National,,
2019-08-20,Islamabad,PM 2.5,69,2019,National,,
2019-08-21,Islamabad,PM 2.5,85,2019,National,,
2019-08-22,Islamabad,PM 2.5,95,2019,National,,
2019-08-23,Islamabad,PM 2.5,96,2019,National,,
2019-08-24,Islamabad,PM 2.5,111,2019,National,,
2019-08-25,Islamabad,PM 2.5,108,2019,National,,
2019-08-26,Islamabad,PM 2.5,116,2019,National,,
2019-08-27,Islamabad,PM 2.5,90,2019,National,,
2019-08-28,Islamabad,PM 2.5,114,2019,National,,
2019-08-29,Islamabad,PM 2.5,110,2019,National,,
2019-08-30,Islamabad,PM 2.5,115,2019,National,,
2019-08-31,Islamabad,PM 2.5,101,2019,National,,
2019-09-01,Islamabad,PM 2.5,95,2019,National,,
2019-09-02,Islamabad,PM 2.5,96,2019,National,,
2019-09-03,Islamabad,PM 2.5,96,2019,National,,
2019-09-04,Islamabad,PM 2.5,104,2019,National,,
2019-09-05,Islamabad,PM 2.5,114,2019,National,,
2019-09-06,Islamabad,PM 2.5,133,2019,National,,
2019-09-07,Islamabad,PM 2.5,104,2019,National,,
2019-09-08,Islamabad,PM 2.5,72,2019,National,,
2019-09-09,Islamabad,PM 2.5,91,2019,National,,
2019-09-10,Islamabad,PM 2.5,109,2019,National,,
2019-09-11,Islamabad,PM 2.5,117,2019,National,,
2019-09-12,Islamabad,PM 2.5,123,2019,National,,
2019-09-13,Islamabad,PM 2.5,126,2019,National,,
2019-09-14,Islamabad,PM 2.5,131,2019,National,,
2019-09-15,Islamabad,PM 2.5,128,2019,National,,
2019-09-16,Islamabad,PM 2.5,137,2019,National,,
2019-09-17,Islamabad,PM 2.5,97,2019,National,,
2019-09-18,Islamabad,PM 2.5,115,2019,National,,
2019-09-19,Islamabad,PM 2.5,132,2019,National,,
2019-09-20,Islamabad,PM 2.5,114,2019,National,,
2019-09-21,Islamabad,PM 2.5,93,2019,National,,
2019-09-22,Islamabad,PM 2.5,110,2019,National,,
2019-09-23,Islamabad,PM 2.5,117,2019,National,,
2019-09-24,Islamabad,PM 2.5,129,2019,National,,
2019-09-25,Islamabad,PM 2.5,153,2019,National,,
2019-09-26,Islamabad,PM 2.5,139,2019,National,,
2019-09-27,Islamabad,PM 2.5,147,2019,National,,
2019-09-28,Islamabad,PM 2.5,106,2019,National,,
2019-09-29,Islamabad,PM 2.5,85,2019,National,,
2019-09-30,Islamabad,PM 2.5,74,2019,National,,
2019-10-01,Islamabad,PM 2.5,83,2019,National,,
2019-10-02,Islamabad,PM 2.5,84,2019,National,,
2019-10-03,Islamabad,PM 2.5,99,2019,National,,
2019-10-04,Islamabad,PM 2.5,98,2019,National,,
2019-10-05,Islamabad,PM 2.5,81,2019,National,,
2019-10-06,Islamabad,PM 2.5,95,2019,National,,
2019-10-07,Islamabad,PM 2.5,131,2019,National,,
2019-10-08,Islamabad,PM 2.5,87,2019,National,,
2019-10-09,Islamabad,PM 2.5,109,2019,National,,
2019-10-10,Islamabad,PM 2.5,107,2019,National,,
2019-10-11,Islamabad,PM 2.5,115,2019,National,,
2019-10-12,Islamabad,PM 2.5,105,2019,National,,
2019-10-13,Islamabad,PM 2.5,130,2019,National,,
2019-10-14,Islamabad,PM 2.5,135,2019,National,,
2019-10-15,Islamabad,PM 2.5,139,2019,National,,
2019-10-16,Islamabad,PM 2.5,152,2019,National,,
2019-10-17,Islamabad,PM 2.5,169,2019,National,,
2019-10-18,Islamabad,PM 2.5,153,2019,National,,
2019-10-19,Islamabad,PM 2.5,86,2019,National,,
2019-10-20,Islamabad,PM 2.5,111,2019,National,,
2019-10-21,Islamabad,PM 2.5,114,2019,National,,
2019-10-22,Islamabad,PM 2.5,102,2019,National,,
2019-10-23,Islamabad,PM 2.5,102,2019,National,,
2019-10-24,Islamabad,PM 2.5,121,2019,National,,
2019-10-25,Islamabad,PM 2.5,133,2019,National,,
2019-10-26,Islamabad,PM 2.5,116,2019,National,,
2019-10-27,Islamabad,PM 2.5,104,2019,National,,
2019-10-28,Islamabad,PM 2.5,111,2019,National,,
2019-10-29,Islamabad,PM 2.5,129,2019,National,,
2019-10-30,Islamabad,PM 2.5,159,2019,National,,
2019-10-31,Islamabad,PM 2.5,169,2019,National,,
2019-11-01,Islamabad,PM 2.5,157,2019,National,,
2019-11-02,Islamabad,PM 2.5,141,2019,National,,
2019-11-03,Islamabad,PM 2.5,143,2019,National,,
2019-11-04,Islamabad,PM 2.5,131,2019,National,,
2019-11-05,Islamabad,PM 2.5,127,2019,National,,
2019-11-06,Islamabad,PM 2.5,127,2019,National,,
2019-11-07,Islamabad,PM 2.5,92,2019,National,,
2019-11-08,Islamabad,PM 2.5,108,2019,National,,
2019-11-09,Islamabad,PM 2.5,100,2019,National,,
2019-11-10,Islamabad,PM 2.5,135,2019,National,,
2019-11-11,Islamabad,PM 2.5,135,2019,National,,
2019-11-12,Islamabad,PM 2.5,133,2019,National,,
2019-11-13,Islamabad,PM 2.5,150,2019,National,,
2019-11-14,Islamabad,PM 2.5,151,2019,National,,
2019-11-15,Islamabad,PM 2.5,145,2019,National,,
2019-11-16,Islamabad,PM 2.5,110,2019,National,,
2019-11-17,Islamabad,PM 2.5,111,2019,National,,
2019-11-18,Islamabad,PM 2.5,112,2019,National,,
2019-11-19,Islamabad,PM 2.5,112,2019,National,,
2019-11-20,Islamabad,PM 2.5,139,2019,National,,
2019-11-21,Islamabad,PM 2.5,155,2019,National,,
2019-11-22,Islamabad,PM 2.5,131,2019,National,,
2019-11-23,Islamabad,PM 2.5,103,2019,National,,
2019-11-24,Islamabad,PM 2.5,120,2019,National,,
2019-11-25,Islamabad,PM 2.5,110,2019,National,,
2019-11-26,Islamabad,PM 2.5,140,2019,National,,
2019-11-27,Islamabad,PM 2.5,156,2019,National,,
2019-11-28,Islamabad,PM 2.5,160,2019,National,,
2019-11-29,Islamabad,PM 2.5,124,2019,National,,
2019-11-30,Islamabad,PM 2.5,117,2019,National,,
2019-12-01,Islamabad,PM 2.5,159,2019,National,,
2019-12-02,Islamabad,PM 2.5,154,2019,National,,
2019-12-03,Islamabad,PM 2.5,161,2019,National,,
2019-12-04,Islamabad,PM 2.5,151,2019,National,,
2019-12-05,Islamabad,PM 2.5,189,2019,National,,
2019-12-06,Islamabad,PM 2.5,189,2019,National,,
2019-12-07,Islamabad,PM 2.5,194,2019,National,,
2019-12-08,Islamabad,PM 2.5,192,2019,National,,
2019-12-09,Islamabad,PM 2.5,186,2019,National,,
2019-12-10,Islamabad,PM 2.5,201,2019,National,,
2019-12-11,Islamabad,PM 2.5,213,2019,National,,
2019-12-12,Islamabad,PM 2.5,188,2019,National,,
2019-12-13,Islamabad,PM 2.5,145,2019,National,,
2019-12-14,Islamabad,PM 2.5,78,2019,National,,
2019-12-15,Islamabad,PM 2.5,82,2019,National,,
2019-12-16,Islamabad,PM 2.5,127,2019,National,,
2019-12-17,Islamabad,PM 2.5,149,2019,National,,
2019-12-18,Islamabad,PM 2.5,150,2019,National,,
2019-12-19,Islamabad,PM 2.5,172,2019,National,,
2019-12-20,Islamabad,PM 2.5,170,2019,National,,
2019-12-21,Islamabad,PM 2.5,186,2019,National,,
2019-12-22,Islamabad,PM 2.5,161,2019,National,,
2019-12-23,Islamabad,PM 2.5,181,2019,National,,
2019-12-24,Islamabad,PM 2.5,188,2019,National,,
2019-12-25,Islamabad,PM 2.5,198,2019,National,,
2019-12-26,Islamabad,PM 2.5,206,2019,National,,
2019-12-27,Islamabad,PM 2.5,202,2019,National,,
2019-12-28,Islamabad,PM 2.5,190,2019,National,,
2019-12-29,Islamabad,PM 2.5,188,2019,National,,
2019-12-30,Islamabad,PM 2.5,203,2019,National,,
2019-12-31,Islamabad,PM 2.5,-,2019,National,,
2019-05-28,Peshawar,PM 2.5,203,2019,National,,
2019-05-29,Peshawar,PM 2.5,125,2019,National,,
2019-05-30,Peshawar,PM 2.5,133,2019,National,,
2019-05-31,Peshawar,PM 2.5,134,2019,National,,
2019-06-01,Peshawar,PM 2.5,108,2019,National,,
2019-06-02,Peshawar,PM 2.5,104,2019,National,,
2019-06-03,Peshawar,PM 2.5,110,2019,National,,
2019-06-04,Peshawar,PM 2.5,152,2019,National,,
2019-06-05,Peshawar,PM 2.5,104,2019,National,,
2019-06-06,Peshawar,PM 2.5,67,2019,National,,
2019-06-07,Peshawar,PM 2.5,70,2019,National,,
2019-06-08,Peshawar,PM 2.5,98,2019,National,,
2019-06-09,Peshawar,PM 2.5,136,2019,National,,
2019-06-10,Peshawar,PM 2.5,84,2019,National,,
2019-06-11,Peshawar,PM 2.5,137,2019,National,,
2019-06-12,Peshawar,PM 2.5,79,2019,National,,
2019-06-13,Peshawar,PM 2.5,78,2019,National,,
2019-06-14,Peshawar,PM 2.5,93,2019,National,,
2019-06-15,Peshawar,PM 2.5,121,2019,National,,
2019-06-16,Peshawar,PM 2.5,158,2019,National,,
2019-06-17,Peshawar,PM 2.5,138,2019,National,,
2019-06-18,Peshawar,PM 2.5,144,2019,National,,
2019-06-19,Peshawar,PM 2.5,132,2019,National,,
2019-06-20,Peshawar,PM 2.5,158,2019,National,,
2019-06-21,Peshawar,PM 2.5,131,2019,National,,
2019-06-22,Peshawar,PM 2.5,123,2019,National,,
2019-06-23,Peshawar,PM 2.5,142,2019,National,,
2019-06-24,Peshawar,PM 2.5,141,2019,National,,
2019-06-25,Peshawar,PM 2.5,169,2019,National,,
2019-06-26,Peshawar,PM 2.5,142,2019,National,,
2019-06-27,Peshawar,PM 2.5,159,2019,National,,
2019-06-28,Peshawar,PM 2.5,146,2019,National,,
2019-06-29,Peshawar,PM 2.5,120,2019,National,,
2019-06-30,Peshawar,PM 2.5,179,2019,National,,
2019-07-01,Peshawar,PM 2.5,140,2019,National,,
2019-07-02,Peshawar,PM 2.5,127,2019,National,,
2019-07-03,Peshawar,PM 2.5,161,2019,National,,
2019-07-04,Peshawar,PM 2.5,168,2019,National,,
2019-07-05,Peshawar,PM 2.5,172,2019,National,,
2019-07-06,Peshawar,PM 2.5,182,2019,National,,
2019-07-07,Peshawar,PM 2.5,131,2019,National,,
2019-07-08,Peshawar,PM 2.5,147,2019,National,,
2019-07-09,Peshawar,PM 2.5,159,2019,National,,
2019-07-10,Peshawar,PM 2.5,158,2019,National,,
2019-07-11,Peshawar,PM 2.5,116,2019,National,,
2019-07-12,Peshawar,PM 2.5,129,2019,National,,
2019-07-13,Peshawar,PM 2.5,132,2019,National,,
2019-07-14,Peshawar,PM 2.5,114,2019,National,,
2019-07-15,Peshawar,PM 2.5,97,2019,National,,
2019-07-16,Peshawar,PM 2.5,83,2019,National,,
2019-07-17,Peshawar,PM 2.5,112,2019,National,,
2019-07-18,Peshawar,PM 2.5,132,2019,National,,
2019-07-19,Peshawar,PM 2.5,99,2019,National,,
2019-07-20,Peshawar,PM 2.5,131,2019,National,,
2019-07-21,Peshawar,PM 2.5,87,2019,National,,
2019-07-22,Peshawar,PM 2.5,128,2019,National,,
2019-07-23,Peshawar,PM 2.5,113,2019,National,,
2019-07-24,Peshawar,PM 2.5,160,2019,National,,
2019-07-25,Peshawar,PM 2.5,159,2019,National,,
2019-07-26,Peshawar,PM 2.5,119,2019,National,,
2019-07-27,Peshawar,PM 2.5,99,2019,National,,
2019-07-28,Peshawar,PM 2.5,88,2019,National,,
2019-07-29,Peshawar,PM 2.5,76,2019,National,,
2019-07-30,Peshawar,PM 2.5,89,2019,National,,
2019-07-31,Peshawar,PM 2.5,91,2019,National,,
2019-08-01,Peshawar,PM 2.5,116,2019,National,,
2019-08-02,Peshawar,PM 2.5,70,2019,National,,
2019-08-03,Peshawar,PM 2.5,76,2019,National,,
2019-08-04,Peshawar,PM 2.5,99,2019,National,,
2019-08-05,Peshawar,PM 2.5,125,2019,National,,
2019-08-06,Peshawar,PM 2.5,127,2019,National,,
2019-08-07,Peshawar,PM 2.5,136,2019,National,,
2019-08-08,Peshawar,PM 2.5,79,2019,National,,
2019-08-09,Peshawar,PM 2.5,124,2019,National,,
2019-08-10,Peshawar,PM 2.5,96,2019,National,,
2019-08-11,Peshawar,PM 2.5,46,2019,National,,
2019-08-12,Peshawar,PM 2.5,100,2019,National,,
2019-08-13,Peshawar,PM 2.5,122,2019,National,,
2019-08-14,Peshawar,PM 2.5,108,2019,National,,
2019-08-15,Peshawar,PM 2.5,70,2019,National,,
2019-08-16,Peshawar,PM 2.5,111,2019,National,,
2019-08-17,Peshawar,PM 2.5,93,2019,National,,
2019-08-18,Peshawar,PM 2.5,65,2019,National,,
2019-08-19,Peshawar,PM 2.5,109,2019,National,,
2019-08-20,Peshawar,PM 2.5,120,2019,National,,
2019-08-21,Peshawar,PM 2.5,115,2019,National,,
2019-08-22,Peshawar,PM 2.5,133,2019,National,,
2019-08-23,Peshawar,PM 2.5,143,2019,National,,
2019-08-24,Peshawar,PM 2.5,135,2019,National,,
2019-08-25,Peshawar,PM 2.5,144,2019,National,,
2019-08-26,Peshawar,PM 2.5,138,2019,National,,
2019-08-27,Peshawar,PM 2.5,105,2019,National,,
2019-08-28,Peshawar,PM 2.5,130,2019,National,,
2019-08-29,Peshawar,PM 2.5,144,2019,National,,
2019-08-30,Peshawar,PM 2.5,152,2019,National,,
2019-08-31,Peshawar,PM 2.5,121,2019,National,,
2019-09-01,Peshawar,PM 2.5,121,2019,National,,
2019-09-02,Peshawar,PM 2.5,143,2019,National,,
2019-09-03,Peshawar,PM 2.5,117,2019,National,,
2019-09-04,Peshawar,PM 2.5,144,2019,National,,
2019-09-05,Peshawar,PM 2.5,149,2019,National,,
2019-09-06,Peshawar,PM 2.5,137,2019,National,,
2019-09-07,Peshawar,PM 2.5,145,2019,National,,
2019-09-08,Peshawar,PM 2.5,105,2019,National,,
2019-09-09,Peshawar,PM 2.5,138,2019,National,,
2019-09-10,Peshawar,PM 2.5,141,2019,National,,
2019-09-11,Peshawar,PM 2.5,153,2019,National,,
2019-09-12,Peshawar,PM 2.5,157,2019,National,,
2019-09-13,Peshawar,PM 2.5,157,2019,National,,
2019-09-14,Peshawar,PM 2.5,142,2019,National,,
2019-09-15,Peshawar,PM 2.5,150,2019,National,,
2019-09-16,Peshawar,PM 2.5,160,2019,National,,
2019-09-17,Peshawar,PM 2.5,132,2019,National,,
2019-09-18,Peshawar,PM 2.5,146,2019,National,,
2019-09-19,Peshawar,PM 2.5,155,2019,National,,
2019-09-20,Peshawar,PM 2.5,149,2019,National,,
2019-09-21,Peshawar,PM 2.5,128,2019,National,,
2019-09-22,Peshawar,PM 2.5,137,2019,National,,
2019-09-23,Peshawar,PM 2.5,150,2019,National,,
2019-09-24,Peshawar,PM 2.5,161,2019,National,,
2019-09-25,Peshawar,PM 2.5,165,2019,National,,
2019-09-26,Peshawar,PM 2.5,166,2019,National,,
2019-09-27,Peshawar,PM 2.5,162,2019,National,,
2019-09-28,Peshawar,PM 2.5,154,2019,National,,
2019-09-29,Peshawar,PM 2.5,104,2019,National,,
2019-09-30,Peshawar,PM 2.5,95,2019,National,,
2019-10-01,Peshawar,PM 2.5,110,2019,National,,
2019-10-02,Peshawar,PM 2.5,80,2019,National,,
2019-10-03,Peshawar,PM 2.5,160,2019,National,,
2019-10-04,Peshawar,PM 2.5,134,2019,National,,
2019-10-05,Peshawar,PM 2.5,87,2019,National,,
2019-10-06,Peshawar,PM 2.5,86,2019,National,,
2019-10-07,Peshawar,PM 2.5,111,2019,National,,
2019-10-08,Peshawar,PM 2.5,102,2019,National,,
2019-10-09,Peshawar,PM 2.5,115,2019,National,,
2019-10-10,Peshawar,PM 2.5,159,2019,National,,
2019-10-11,Peshawar,PM 2.5,166,2019,National,,
2019-10-12,Peshawar,PM 2.5,154,2019,National,,
2019-10-13,Peshawar,PM 2.5,159,2019,National,,
2019-10-14,Peshawar,PM 2.5,166,2019,National,,
2019-10-15,Peshawar,PM 2.5,173,2019,National,,
2019-10-16,Peshawar,PM 2.5,192,2019,National,,
2019-10-17,Peshawar,PM 2.5,181,2019,National,,
2019-10-18,Peshawar,PM 2.5,157,2019,National,,
2019-10-19,Peshawar,PM 2.5,102,2019,National,,
2019-10-20,Peshawar,PM 2.5,107,2019,National,,
2019-10-21,Peshawar,PM 2.5,126,2019,National,,
2019-10-22,Peshawar,PM 2.5,164,2019,National,,
2019-10-23,Peshawar,PM 2.5,160,2019,National,,
2019-10-24,Peshawar,PM 2.5,161,2019,National,,
2019-10-25,Peshawar,PM 2.5,159,2019,National,,
2019-10-26,Peshawar,PM 2.5,136,2019,National,,
2019-10-27,Peshawar,PM 2.5,179,2019,National,,
2019-10-28,Peshawar,PM 2.5,177,2019,National,,
2019-10-29,Peshawar,PM 2.5,189,2019,National,,
2019-10-30,Peshawar,PM 2.5,202,2019,National,,
2019-10-31,Peshawar,PM 2.5,214,2019,National,,
2019-11-01,Peshawar,PM 2.5,170,2019,National,,
2019-11-02,Peshawar,PM 2.5,118,2019,National,,
2019-11-03,Peshawar,PM 2.5,132,2019,National,,
2019-11-04,Peshawar,PM 2.5,122,2019,National,,
2019-11-05,Peshawar,PM 2.5,158,2019,National,,
2019-11-06,Peshawar,PM 2.5,129,2019,National,,
2019-11-07,Peshawar,PM 2.5,92,2019,National,,
2019-11-08,Peshawar,PM 2.5,114,2019,National,,
2019-11-09,Peshawar,PM 2.5,135,2019,National,,
2019-11-10,Peshawar,PM 2.5,114,2019,National,,
2019-11-11,Peshawar,PM 2.5,154,2019,National,,
2019-11-12,Peshawar,PM 2.5,180,2019,National,,
2019-11-13,Peshawar,PM 2.5,215,2019,National,,
2019-11-14,Peshawar,PM 2.5,244,2019,National,,
2019-11-15,Peshawar,PM 2.5,228,2019,National,,
2019-11-16,Peshawar,PM 2.5,135,2019,National,,
2019-11-17,Peshawar,PM 2.5,112,2019,National,,
2019-11-18,Peshawar,PM 2.5,152,2019,National,,
2019-11-19,Peshawar,PM 2.5,131,2019,National,,
2019-11-20,Peshawar,PM 2.5,171,2019,National,,
2019-11-21,Peshawar,PM 2.5,239,2019,National,,
2019-11-22,Peshawar,PM 2.5,294,2019,National,,
2019-11-23,Peshawar,PM 2.5,102,2019,National,,
2019-11-24,Peshawar,PM 2.5,136,2019,National,,
2019-11-25,Peshawar,PM 2.5,158,2019,National,,
2019-11-26,Peshawar,PM 2.5,172,2019,National,,
2019-11-27,Peshawar,PM 2.5,197,2019,National,,
2019-11-28,Peshawar,PM 2.5,169,2019,National,,
2019-11-29,Peshawar,PM 2.5,138,2019,National,,
2019-11-30,Peshawar,PM 2.5,146,2019,National,,
2019-12-01,Peshawar,PM 2.5,140,2019,National,,
2019-12-02,Peshawar,PM 2.5,162,2019,National,,
2019-12-03,Peshawar,PM 2.5,155,2019,National,,
2019-12-04,Peshawar,PM 2.5,146,2019,National,,
2019-12-05,Peshawar,PM 2.5,157,2019,National,,
2019-12-06,Peshawar,PM 2.5,210,2019,National,,
2019-12-07,Peshawar,PM 2.5,214,2019,National,,
2019-12-08,Peshawar,PM 2.5,185,2019,National,,
2019-12-09,Peshawar,PM 2.5,216,2019,National,,
2019-12-10,Peshawar,PM 2.5,244,2019,National,,
2019-12-11,Peshawar,PM 2.5,239,2019,National,,
2019-12-12,Peshawar,PM 2.5,133,2019,National,,
2019-12-13,Peshawar,PM 2.5,208,2019,National,,
2019-12-14,Peshawar,PM 2.5,211,2019,National,,
2019-12-15,Peshawar,PM 2.5,221,2019,National,,
2019-12-16,Peshawar,PM 2.5,169,2019,National,,
2019-12-17,Peshawar,PM 2.5,164,2019,National,,
2019-12-18,Peshawar,PM 2.5,167,2019,National,,
2019-12-19,Peshawar,PM 2.5,210,2019,National,,
2019-12-20,Peshawar,PM 2.5,277,2019,National,,
2019-12-21,Peshawar,PM 2.5,270,2019,National,,
2019-12-22,Peshawar,PM 2.5,292,2019,National,,
2019-12-23,Peshawar,PM 2.5,209,2019,National,,
2019-12-24,Peshawar,PM 2.5,213,2019,National,,
2019-12-25,Peshawar,PM 2.5,250,2019,National,,
2019-12-26,Peshawar,PM 2.5,252,2019,National,,
2019-12-27,Peshawar,PM 2.5,198,2019,National,,
2019-12-28,Peshawar,PM 2.5,215,2019,National,,
2019-12-29,Peshawar,PM 2.5,314,2019,National,,
2019-12-30,Peshawar,PM 2.5,343,2019,National,,
2019-12-31,Peshawar,PM 2.5,-,2019,National,,
2020-01-01,Lahore,PM 2.5,-,2020,National,,
2020-01-02,Lahore,PM 2.5,355,2020,National,,
2020-01-03,Lahore,PM 2.5,375,2020,National,,
2020-01-04,Lahore,PM 2.5,311,2020,National,,
2020-01-05,Lahore,PM 2.5,370,2020,National,,
2020-01-06,Lahore,PM 2.5,246,2020,National,,
2020-01-07,Lahore,PM 2.5,189,2020,National,,
2020-01-08,Lahore,PM 2.5,238,2020,National,,
2020-01-09,Lahore,PM 2.5,199,2020,National,,
2020-01-10,Lahore,PM 2.5,199,2020,National,,
2020-01-11,Lahore,PM 2.5,216,2020,National,,
2020-01-12,Lahore,PM 2.5,225,2020,National,,
2020-01-13,Lahore,PM 2.5,206,2020,National,,
2020-01-14,Lahore,PM 2.5,164,2020,National,,
2020-01-15,Lahore,PM 2.5,183,2020,National,,
2020-01-16,Lahore,PM 2.5,205,2020,National,,
2020-01-17,Lahore,PM 2.5,250,2020,National,,
2020-01-18,Lahore,PM 2.5,334,2020,National,,
2020-01-19,Lahore,PM 2.5,337,2020,National,,
2020-01-20,Lahore,PM 2.5,327,2020,National,,
2020-01-21,Lahore,PM 2.5,224,2020,National,,
2020-01-22,Lahore,PM 2.5,173,2020,National,,
2020-01-23,Lahore,PM 2.5,173,2020,National,,
2020-01-24,Lahore,PM 2.5,187,2020,National,,
2020-01-25,Lahore,PM 2.5,202,2020,National,,
2020-01-26,Lahore,PM 2.5,237,2020,National,,
2020-01-27,Lahore,PM 2.5,291,2020,National,,
2020-01-28,Lahore,PM 2.5,278,2020,National,,
2020-01-29,Lahore,PM 2.5,205,2020,National,,
2020-01-30,Lahore,PM 2.5,183,2020,National,,
2020-01-31,Lahore,PM 2.5,226,2020,National,,
2020-02-01,Lahore,PM 2.5,113,2020,National,,
2020-02-02,Lahore,PM 2.5,34,2020,National,,
2020-02-03,Lahore,PM 2.5,33,2020,National,,
2020-02-04,Lahore,PM 2.5,33,2020,National,,
2020-02-05,Lahore,PM 2.5,38,2020,National,,
2020-02-06,Lahore,PM 2.5,33,2020,National,,
2020-02-07,Lahore,PM 2.5,33,2020,National,,
2020-02-08,Lahore,PM 2.5,33,2020,National,,
2020-02-09,Lahore,PM 2.5,34,2020,National,,
2020-02-10,Lahore,PM 2.5,31,2020,National,,
2020-02-11,Lahore,PM 2.5,34,2020,National,,
2020-02-12,Lahore,PM 2.5,116,2020,National,,
2020-02-13,Lahore,PM 2.5,186,2020,National,,
2020-02-14,Lahore,PM 2.5,181,2020,National,,
2020-02-15,Lahore,PM 2.5,138,2020,National,,
2020-02-16,Lahore,PM 2.5,158,2020,National,,
2020-02-17,Lahore,PM 2.5,180,2020,National,,
2020-02-18,Lahore,PM 2.5,203,2020,National,,
2020-02-19,Lahore,PM 2.5,199,2020,National,,
2020-02-20,Lahore,PM 2.5,185,2020,National,,
2020-02-21,Lahore,PM 2.5,173,2020,National,,
2020-02-22,Lahore,PM 2.5,110,2020,National,,
2020-02-23,Lahore,PM 2.5,200,2020,National,,
2020-02-24,Lahore,PM 2.5,194,2020,National,,
2020-02-25,Lahore,PM 2.5,224,2020,National,,
2020-02-26,Lahore,PM 2.5,209,2020,National,,
2020-02-27,Lahore,PM 2.5,222,2020,National,,
2020-02-28,Lahore,PM 2.5,195,2020,National,,
2020-02-29,Lahore,PM 2.5,198,2020,National,,
2020-03-01,Lahore,PM 2.5,111,2020,National,,
2020-03-02,Lahore,PM 2.5,164,2020,National,,
2020-03-03,Lahore,PM 2.5,171,2020,National,,
2020-03-04,Lahore,PM 2.5,161,2020,National,,
2020-03-05,Lahore,PM 2.5,228,2020,National,,
2020-03-06,Lahore,PM 2.5,111,2020,National,,
2020-03-07,Lahore,PM 2.5,89,2020,National,,
2020-03-08,Lahore,PM 2.5,73,2020,National,,
2020-03-09,Lahore,PM 2.5,119,2020,National,,
2020-03-10,Lahore,PM 2.5,101,2020,National,,
2020-03-11,Lahore,PM 2.5,180,2020,National,,
2020-03-12,Lahore,PM 2.5,143,2020,National,,
2020-03-13,Lahore,PM 2.5,69,2020,National,,
2020-03-14,Lahore,PM 2.5,91,2020,National,,
2020-03-15,Lahore,PM 2.5,147,2020,National,,
2020-03-16,Lahore,PM 2.5,174,2020,National,,
2020-03-17,Lahore,PM 2.5,170,2020,National,,
2020-03-18,Lahore,PM 2.5,166,2020,National,,
2020-03-19,Lahore,PM 2.5,168,2020,National,,
2020-03-20,Lahore,PM 2.5,195,2020,National,,
2020-03-21,Lahore,PM 2.5,217,2020,National,,
2020-03-22,Lahore,PM 2.5,151,2020,National,,
2020-03-23,Lahore,PM 2.5,215,2020,National,,
2020-03-24,Lahore,PM 2.5,130,2020,National,,
2020-03-25,Lahore,PM 2.5,122,2020,National,,
2020-03-26,Lahore,PM 2.5,88,2020,National,,
2020-03-27,Lahore,PM 2.5,97,2020,National,,
2020-03-28,Lahore,PM 2.5,51,2020,National,,
2020-03-29,Lahore,PM 2.5,62,2020,National,,
2020-03-30,Lahore,PM 2.5,98,2020,National,,
2020-03-31,Lahore,PM 2.5,101,2020,National,,
2020-04-01,Lahore,PM 2.5,100,2020,National,,
2020-04-02,Lahore,PM 2.5,73,2020,National,,
2020-04-03,Lahore,PM 2.5,54,2020,National,,
2020-04-04,Lahore,PM 2.5,96,2020,National,,
2020-04-05,Lahore,PM 2.5,108,2020,National,,
2020-04-06,Lahore,PM 2.5,126,2020,National,,
2020-04-07,Lahore,PM 2.5,58,2020,National,,
2020-04-08,Lahore,PM 2.5,68,2020,National,,
2020-04-09,Lahore,PM 2.5,70,2020,National,,
2020-04-10,Lahore,PM 2.5,120,2020,National,,
2020-04-11,Lahore,PM 2.5,87,2020,National,,
2020-04-12,Lahore,PM 2.5,88,2020,National,,
2020-04-13,Lahore,PM 2.5,111,2020,National,,
2020-04-14,Lahore,PM 2.5,144,2020,National,,
2020-04-15,Lahore,PM 2.5,129,2020,National,,
2020-04-16,Lahore,PM 2.5,137,2020,National,,
2020-04-17,Lahore,PM 2.5,106,2020,National,,
2020-04-18,Lahore,PM 2.5,101,2020,National,,
2020-04-19,Lahore,PM 2.5,56,2020,National,,
2020-04-20,Lahore,PM 2.5,96,2020,National,,
2020-01-01,Karachi,PM 2.5,-,2020,National,,
2020-01-02,Karachi,PM 2.5,174,2020,National,,
2020-01-03,Karachi,PM 2.5,156,2020,National,,
2020-01-04,Karachi,PM 2.5,169,2020,National,,
2020-01-05,Karachi,PM 2.5,213,2020,National,,
2020-01-06,Karachi,PM 2.5,165,2020,National,,
2020-01-07,Karachi,PM 2.5,191,2020,National,,
2020-01-08,Karachi,PM 2.5,152,2020,National,,
2020-01-09,Karachi,PM 2.5,151,2020,National,,
2020-01-10,Karachi,PM 2.5,140,2020,National,,
2020-01-11,Karachi,PM 2.5,114,2020,National,,
2020-01-12,Karachi,PM 2.5,134,2020,National,,
2020-01-13,Karachi,PM 2.5,119,2020,National,,
2020-01-14,Karachi,PM 2.5,105,2020,National,,
2020-01-15,Karachi,PM 2.5,130,2020,National,,
2020-01-16,Karachi,PM 2.5,106,2020,National,,
2020-01-17,Karachi,PM 2.5,122,2020,National,,
2020-01-18,Karachi,PM 2.5,163,2020,National,,
2020-01-19,Karachi,PM 2.5,184,2020,National,,
2020-01-20,Karachi,PM 2.5,126,2020,National,,
2020-01-21,Karachi,PM 2.5,168,2020,National,,
2020-01-22,Karachi,PM 2.5,170,2020,National,,
2020-01-23,Karachi,PM 2.5,172,2020,National,,
2020-01-24,Karachi,PM 2.5,154,2020,National,,
2020-01-25,Karachi,PM 2.5,149,2020,National,,
2020-01-26,Karachi,PM 2.5,152,2020,National,,
2020-01-27,Karachi,PM 2.5,141,2020,National,,
2020-01-28,Karachi,PM 2.5,106,2020,National,,
2020-01-29,Karachi,PM 2.5,107,2020,National,,
2020-01-30,Karachi,PM 2.5,123,2020,National,,
2020-01-31,Karachi,PM 2.5,141,2020,National,,
2020-02-01,Karachi,PM 2.5,164,2020,National,,
2020-02-02,Karachi,PM 2.5,160,2020,National,,
2020-02-03,Karachi,PM 2.5,132,2020,National,,
2020-02-04,Karachi,PM 2.5,165,2020,National,,
2020-02-05,Karachi,PM 2.5,116,2020,National,,
2020-02-06,Karachi,PM 2.5,135,2020,National,,
2020-02-07,Karachi,PM 2.5,154,2020,National,,
2020-02-08,Karachi,PM 2.5,161,2020,National,,
2020-02-09,Karachi,PM 2.5,139,2020,National,,
2020-02-10,Karachi,PM 2.5,151,2020,National,,
2020-02-11,Karachi,PM 2.5,168,2020,National,,
2020-02-12,Karachi,PM 2.5,174,2020,National,,
2020-02-13,Karachi,PM 2.5,154,2020,National,,
2020-02-14,Karachi,PM 2.5,175,2020,National,,
2020-02-15,Karachi,PM 2.5,166,2020,National,,
2020-02-16,Karachi,PM 2.5,157,2020,National,,
2020-02-17,Karachi,PM 2.5,175,2020,National,,
2020-02-18,Karachi,PM 2.5,201,2020,National,,
2020-02-19,Karachi,PM 2.5,179,2020,National,,
2020-02-20,Karachi,PM 2.5,101,2020,National,,
2020-02-21,Karachi,PM 2.5,159,2020,National,,
2020-02-22,Karachi,PM 2.5,129,2020,National,,
2020-02-23,Karachi,PM 2.5,140,2020,National,,
2020-02-24,Karachi,PM 2.5,153,2020,National,,
2020-02-25,Karachi,PM 2.5,152,2020,National,,
2020-02-26,Karachi,PM 2.5,109,2020,National,,
2020-02-27,Karachi,PM 2.5,109,2020,National,,
2020-02-28,Karachi,PM 2.5,117,2020,National,,
2020-02-29,Karachi,PM 2.5,105,2020,National,,
2020-03-01,Karachi,PM 2.5,158,2020,National,,
2020-03-02,Karachi,PM 2.5,144,2020,National,,
2020-03-03,Karachi,PM 2.5,156,2020,National,,
2020-03-04,Karachi,PM 2.5,111,2020,National,,
2020-03-05,Karachi,PM 2.5,94,2020,National,,
2020-03-06,Karachi,PM 2.5,96,2020,National,,
2020-03-07,Karachi,PM 2.5,150,2020,National,,
2020-03-08,Karachi,PM 2.5,139,2020,National,,
2020-03-09,Karachi,PM 2.5,108,2020,National,,
2020-03-10,Karachi,PM 2.5,111,2020,National,,
2020-03-11,Karachi,PM 2.5,103,2020,National,,
2020-03-12,Karachi,PM 2.5,83,2020,National,,
2020-03-13,Karachi,PM 2.5,154,2020,National,,
2020-03-14,Karachi,PM 2.5,152,2020,National,,
2020-03-15,Karachi,PM 2.5,169,2020,National,,
2020-03-16,Karachi,PM 2.5,145,2020,National,,
2020-03-17,Karachi,PM 2.5,135,2020,National,,
2020-03-18,Karachi,PM 2.5,147,2020,National,,
2020-03-19,Karachi,PM 2.5,157,2020,National,,
2020-03-20,Karachi,PM 2.5,108,2020,National,,
2020-03-21,Karachi,PM 2.5,81,2020,National,,
2020-03-22,Karachi,PM 2.5,70,2020,National,,
2020-03-23,Karachi,PM 2.5,66,2020,National,,
2020-03-24,Karachi,PM 2.5,72,2020,National,,
2020-03-25,Karachi,PM 2.5,52,2020,National,,
2020-03-26,Karachi,PM 2.5,88,2020,National,,
2020-03-27,Karachi,PM 2.5,72,2020,National,,
2020-03-28,Karachi,PM 2.5,69,2020,National,,
2020-03-29,Karachi,PM 2.5,66,2020,National,,
2020-03-30,Karachi,PM 2.5,80,2020,National,,
2020-03-31,Karachi,PM 2.5,92,2020,National,,
2020-04-01,Karachi,PM 2.5,61,2020,National,,
2020-04-02,Karachi,PM 2.5,70,2020,National,,
2020-04-03,Karachi,PM 2.5,102,2020,National,,
2020-04-04,Karachi,PM 2.5,96,2020,National,,
2020-04-05,Karachi,PM 2.5,90,2020,National,,
2020-04-06,Karachi,PM 2.5,79,2020,National,,
2020-04-07,Karachi,PM 2.5,97,2020,National,,
2020-04-08,Karachi,PM 2.5,117,2020,National,,
2020-04-09,Karachi,PM 2.5,107,2020,National,,
2020-04-10,Karachi,PM 2.5,87,2020,National,,
2020-04-11,Karachi,PM 2.5,83,2020,National,,
2020-04-12,Karachi,PM 2.5,124,2020,National,,
2020-04-13,Karachi,PM 2.5,83,2020,National,,
2020-04-14,Karachi,PM 2.5,76,2020,National,,
2020-04-15,Karachi,PM 2.5,79,2020,National,,
2020-04-16,Karachi,PM 2.5,88,2020,National,,
2020-04-17,Karachi,PM 2.5,85,2020,National,,
2020-04-18,Karachi,PM 2.5,82,2020,National,,
2020-04-19,Karachi,PM 2.5,72,2020,National,,
2020-04-20,Karachi,PM 2.5,64,2020,National,,
2020-01-01,Islamabad,PM 2.5,-,2020,National,,
2020-01-02,Islamabad,PM 2.5,156,2020,National,,
2020-01-03,Islamabad,PM 2.5,173,2020,National,,
2020-01-04,Islamabad,PM 2.5,188,2020,National,,
2020-01-05,Islamabad,PM 2.5,135,2020,National,,
2020-01-06,Islamabad,PM 2.5,165,2020,National,,
2020-01-07,Islamabad,PM 2.5,134,2020,National,,
2020-01-08,Islamabad,PM 2.5,124,2020,National,,
2020-01-09,Islamabad,PM 2.5,136,2020,National,,
2020-01-10,Islamabad,PM 2.5,136,2020,National,,
2020-01-11,Islamabad,PM 2.5,162,2020,National,,
2020-01-12,Islamabad,PM 2.5,236,2020,National,,
2020-01-13,Islamabad,PM 2.5,165,2020,National,,
2020-01-14,Islamabad,PM 2.5,97,2020,National,,
2020-01-15,Islamabad,PM 2.5,105,2020,National,,
2020-01-16,Islamabad,PM 2.5,153,2020,National,,
2020-01-17,Islamabad,PM 2.5,146,2020,National,,
2020-01-18,Islamabad,PM 2.5,156,2020,National,,
2020-01-19,Islamabad,PM 2.5,165,2020,National,,
2020-01-20,Islamabad,PM 2.5,149,2020,National,,
2020-01-21,Islamabad,PM 2.5,171,2020,National,,
2020-01-22,Islamabad,PM 2.5,134,2020,National,,
2020-01-23,Islamabad,PM 2.5,144,2020,National,,
2020-01-24,Islamabad,PM 2.5,137,2020,National,,
2020-01-25,Islamabad,PM 2.5,147,2020,National,,
2020-01-26,Islamabad,PM 2.5,179,2020,National,,
2020-01-27,Islamabad,PM 2.5,148,2020,National,,
2020-01-28,Islamabad,PM 2.5,129,2020,National,,
2020-01-29,Islamabad,PM 2.5,96,2020,National,,
2020-01-30,Islamabad,PM 2.5,96,2020,National,,
2020-01-31,Islamabad,PM 2.5,145,2020,National,,
2020-02-01,Islamabad,PM 2.5,137,2020,National,,
2020-02-02,Islamabad,PM 2.5,125,2020,National,,
2020-02-03,Islamabad,PM 2.5,149,2020,National,,
2020-02-04,Islamabad,PM 2.5,166,2020,National,,
2020-02-05,Islamabad,PM 2.5,165,2020,National,,
2020-02-06,Islamabad,PM 2.5,128,2020,National,,
2020-02-07,Islamabad,PM 2.5,138,2020,National,,
2020-02-08,Islamabad,PM 2.5,155,2020,National,,
2020-02-09,Islamabad,PM 2.5,155,2020,National,,
2020-02-10,Islamabad,PM 2.5,170,2020,National,,
2020-02-11,Islamabad,PM 2.5,176,2020,National,,
2020-02-12,Islamabad,PM 2.5,171,2020,National,,
2020-02-13,Islamabad,PM 2.5,169,2020,National,,
2020-02-14,Islamabad,PM 2.5,157,2020,National,,
2020-02-15,Islamabad,PM 2.5,100,2020,National,,
2020-02-16,Islamabad,PM 2.5,118,2020,National,,
2020-02-17,Islamabad,PM 2.5,117,2020,National,,
2020-02-18,Islamabad,PM 2.5,123,2020,National,,
2020-02-19,Islamabad,PM 2.5,147,2020,National,,
2020-02-20,Islamabad,PM 2.5,131,2020,National,,
2020-02-21,Islamabad,PM 2.5,76,2020,National,,
2020-02-22,Islamabad,PM 2.5,126,2020,National,,
2020-02-23,Islamabad,PM 2.5,122,2020,National,,
2020-02-24,Islamabad,PM 2.5,134,2020,National,,
2020-02-25,Islamabad,PM 2.5,132,2020,National,,
2020-02-26,Islamabad,PM 2.5,144,2020,National,,
2020-02-27,Islamabad,PM 2.5,139,2020,National,,
2020-02-28,Islamabad,PM 2.5,167,2020,National,,
2020-02-29,Islamabad,PM 2.5,103,2020,National,,
2020-03-01,Islamabad,PM 2.5,74,2020,National,,
2020-03-02,Islamabad,PM 2.5,107,2020,National,,
2020-03-03,Islamabad,PM 2.5,113,2020,National,,
2020-03-04,Islamabad,PM 2.5,138,2020,National,,
2020-03-05,Islamabad,PM 2.5,105,2020,National,,
2020-03-06,Islamabad,PM 2.5,83,2020,National,,
2020-03-07,Islamabad,PM 2.5,79,2020,National,,
2020-03-08,Islamabad,PM 2.5,58,2020,National,,
2020-03-09,Islamabad,PM 2.5,83,2020,National,,
2020-03-10,Islamabad,PM 2.5,105,2020,National,,
2020-03-11,Islamabad,PM 2.5,114,2020,National,,
2020-03-12,Islamabad,PM 2.5,89,2020,National,,
2020-03-13,Islamabad,PM 2.5,71,2020,National,,
2020-03-14,Islamabad,PM 2.5,85,2020,National,,
2020-03-15,Islamabad,PM 2.5,107,2020,National,,
2020-03-16,Islamabad,PM 2.5,114,2020,National,,
2020-03-17,Islamabad,PM 2.5,121,2020,National,,
2020-03-18,Islamabad,PM 2.5,125,2020,National,,
2020-03-19,Islamabad,PM 2.5,121,2020,National,,
2020-03-20,Islamabad,PM 2.5,110,2020,National,,
2020-03-21,Islamabad,PM 2.5,84,2020,National,,
2020-03-22,Islamabad,PM 2.5,71,2020,National,,
2020-03-23,Islamabad,PM 2.5,79,2020,National,,
2020-03-24,Islamabad,PM 2.5,87,2020,National,,
2020-03-25,Islamabad,PM 2.5,77,2020,National,,
2020-03-26,Islamabad,PM 2.5,78,2020,National,,
2020-03-27,Islamabad,PM 2.5,89,2020,National,,
2020-03-28,Islamabad,PM 2.5,67,2020,National,,
2020-03-29,Islamabad,PM 2.5,62,2020,National,,
2020-03-30,Islamabad,PM 2.5,80,2020,National,,
2020-03-31,Islamabad,PM 2.5,104,2020,National,,
2020-04-01,Islamabad,PM 2.5,84,2020,National,,
2020-04-02,Islamabad,PM 2.5,81,2020,National,,
2020-04-03,Islamabad,PM 2.5,58,2020,National,,
2020-04-04,Islamabad,PM 2.5,82,2020,National,,
2020-04-05,Islamabad,PM 2.5,94,2020,National,,
2020-04-06,Islamabad,PM 2.5,76,2020,National,,
2020-04-07,Islamabad,PM 2.5,72,2020,National,,
2020-04-08,Islamabad,PM 2.5,74,2020,National,,
2020-04-09,Islamabad,PM 2.5,86,2020,National,,
2020-04-10,Islamabad,PM 2.5,88,2020,National,,
2020-04-11,Islamabad,PM 2.5,76,2020,National,,
2020-04-12,Islamabad,PM 2.5,89,2020,National,,
2020-04-13,Islamabad,PM 2.5,96,2020,National,,
2020-04-14,Islamabad,PM 2.5,100,2020,National,,
2020-04-15,Islamabad,PM 2.5,100,2020,National,,
2020-04-16,Islamabad,PM 2.5,89,2020,National,,
2020-04-17,Islamabad,PM 2.5,119,2020,National,,
2020-04-18,Islamabad,PM 2.5,83,2020,National,,
2020-04-19,Islamabad,PM 2.5,98,2020,National,,
2020-04-20,Islamabad,PM 2.5,68,2020,National,,
2020-01-01,Peshawar,PM 2.5,-,2020,National,,
2020-01-02,Peshawar,PM 2.5,425,2020,National,,
2020-01-03,Peshawar,PM 2.5,123,2020,National,,
2020-01-04,Peshawar,PM 2.5,166,2020,National,,
2020-01-05,Peshawar,PM 2.5,204,2020,National,,
2020-01-06,Peshawar,PM 2.5,175,2020,National,,
2020-01-07,Peshawar,PM 2.5,115,2020,National,,
2020-01-08,Peshawar,PM 2.5,183,2020,National,,
2020-01-09,Peshawar,PM 2.5,190,2020,National,,
2020-01-10,Peshawar,PM 2.5,188,2020,National,,
2020-01-11,Peshawar,PM 2.5,171,2020,National,,
2020-01-12,Peshawar,PM 2.5,203,2020,National,,
2020-01-13,Peshawar,PM 2.5,216,2020,National,,
2020-01-14,Peshawar,PM 2.5,92,2020,National,,
2020-01-15,Peshawar,PM 2.5,94,2020,National,,
2020-01-16,Peshawar,PM 2.5,168,2020,National,,
2020-01-17,Peshawar,PM 2.5,183,2020,National,,
2020-01-18,Peshawar,PM 2.5,216,2020,National,,
2020-01-19,Peshawar,PM 2.5,162,2020,National,,
2020-01-20,Peshawar,PM 2.5,155,2020,National,,
2020-01-21,Peshawar,PM 2.5,209,2020,National,,
2020-01-22,Peshawar,PM 2.5,124,2020,National,,
2020-01-23,Peshawar,PM 2.5,151,2020,National,,
2020-01-24,Peshawar,PM 2.5,142,2020,National,,
2020-01-25,Peshawar,PM 2.5,182,2020,National,,
2020-01-26,Peshawar,PM 2.5,215,2020,National,,
2020-01-27,Peshawar,PM 2.5,169,2020,National,,
2020-01-28,Peshawar,PM 2.5,205,2020,National,,
2020-01-29,Peshawar,PM 2.5,187,2020,National,,
2020-01-30,Peshawar,PM 2.5,115,2020,National,,
2020-01-31,Peshawar,PM 2.5,154,2020,National,,
2020-02-01,Peshawar,PM 2.5,163,2020,National,,
2020-02-02,Peshawar,PM 2.5,185,2020,National,,
2020-02-03,Peshawar,PM 2.5,169,2020,National,,
2020-02-04,Peshawar,PM 2.5,173,2020,National,,
2020-02-05,Peshawar,PM 2.5,171,2020,National,,
2020-02-06,Peshawar,PM 2.5,156,2020,National,,
2020-02-07,Peshawar,PM 2.5,204,2020,National,,
2020-02-08,Peshawar,PM 2.5,190,2020,National,,
2020-02-09,Peshawar,PM 2.5,162,2020,National,,
2020-02-10,Peshawar,PM 2.5,196,2020,National,,
2020-02-11,Peshawar,PM 2.5,201,2020,National,,
2020-02-12,Peshawar,PM 2.5,182,2020,National,,
2020-02-13,Peshawar,PM 2.5,118,2020,National,,
2020-02-14,Peshawar,PM 2.5,177,2020,National,,
2020-02-15,Peshawar,PM 2.5,111,2020,National,,
2020-02-16,Peshawar,PM 2.5,139,2020,National,,
2020-02-17,Peshawar,PM 2.5,121,2020,National,,
2020-02-18,Peshawar,PM 2.5,119,2020,National,,
2020-02-19,Peshawar,PM 2.5,136,2020,National,,
2020-02-20,Peshawar,PM 2.5,143,2020,National,,
2020-02-21,Peshawar,PM 2.5,88,2020,National,,
2020-02-22,Peshawar,PM 2.5,147,2020,National,,
2020-02-23,Peshawar,PM 2.5,174,2020,National,,
2020-02-24,Peshawar,PM 2.5,162,2020,National,,
2020-02-25,Peshawar,PM 2.5,185,2020,National,,
2020-02-26,Peshawar,PM 2.5,177,2020,National,,
2020-02-27,Peshawar,PM 2.5,176,2020,National,,
2020-02-28,Peshawar,PM 2.5,194,2020,National,,
2020-02-29,Peshawar,PM 2.5,123,2020,National,,
2020-03-01,Peshawar,PM 2.5,85,2020,National,,
2020-03-02,Peshawar,PM 2.5,98,2020,National,,
2020-03-03,Peshawar,PM 2.5,142,2020,National,,
2020-03-04,Peshawar,PM 2.5,121,2020,National,,
2020-03-05,Peshawar,PM 2.5,129,2020,National,,
2020-03-06,Peshawar,PM 2.5,69,2020,National,,
2020-03-07,Peshawar,PM 2.5,109,2020,National,,
2020-03-08,Peshawar,PM 2.5,77,2020,National,,
2020-03-09,Peshawar,PM 2.5,77,2020,National,,
2020-03-10,Peshawar,PM 2.5,124,2020,National,,
2020-03-11,Peshawar,PM 2.5,162,2020,National,,
2020-03-12,Peshawar,PM 2.5,146,2020,National,,
2020-03-13,Peshawar,PM 2.5,82,2020,National,,
2020-03-14,Peshawar,PM 2.5,158,2020,National,,
2020-03-15,Peshawar,PM 2.5,154,2020,National,,
2020-03-16,Peshawar,PM 2.5,149,2020,National,,
2020-03-17,Peshawar,PM 2.5,153,2020,National,,
2020-03-18,Peshawar,PM 2.5,161,2020,National,,
2020-03-19,Peshawar,PM 2.5,145,2020,National,,
2020-03-20,Peshawar,PM 2.5,165,2020,National,,
2020-03-21,Peshawar,PM 2.5,150,2020,National,,
2020-03-22,Peshawar,PM 2.5,68,2020,National,,
2020-03-23,Peshawar,PM 2.5,93,2020,National,,
2020-03-24,Peshawar,PM 2.5,142,2020,National,,
2020-03-25,Peshawar,PM 2.5,62,2020,National,,
2020-03-26,Peshawar,PM 2.5,93,2020,National,,
2020-03-27,Peshawar,PM 2.5,96,2020,National,,
2020-03-28,Peshawar,PM 2.5,87,2020,National,,
2020-03-29,Peshawar,PM 2.5,76,2020,National,,
2020-03-30,Peshawar,PM 2.5,69,2020,National,,
2020-03-31,Peshawar,PM 2.5,102,2020,National,,
2020-04-01,Peshawar,PM 2.5,81,2020,National,,
2020-04-02,Peshawar,PM 2.5,62,2020,National,,
2020-04-03,Peshawar,PM 2.5,84,2020,National,,
2020-04-04,Peshawar,PM 2.5,98,2020,National,,
2020-04-05,Peshawar,PM 2.5,126,2020,National,,
2020-04-06,Peshawar,PM 2.5,130,2020,National,,
2020-04-07,Peshawar,PM 2.5,85,2020,National,,
2020-04-08,Peshawar,PM 2.5,58,2020,National,,
2020-04-09,Peshawar,PM 2.5,98,2020,National,,
2020-04-10,Peshawar,PM 2.5,83,2020,National,,
2020-04-11,Peshawar,PM 2.5,72,2020,National,,
2020-04-12,Peshawar,PM 2.5,106,2020,National,,
2020-04-13,Peshawar,PM 2.5,115,2020,National,,
2020-04-14,Peshawar,PM 2.5,111,2020,National,,
2020-04-15,Peshawar,PM 2.5,81,2020,National,,
2020-04-16,Peshawar,PM 2.5,69,2020,National,,
2020-04-17,Peshawar,PM 2.5,90,2020,National,,
2020-04-18,Peshawar,PM 2.5,99,2020,National,,
2020-04-19,Peshawar,PM 2.5,71,2020,National,,
2020-04-20,Peshawar,PM 2.5,79,2020,National,,
,Pakistan (National),,,2025,Hospitals,1289.0,127225.0
,Pakistan (National),,,2025,Dispensaries,5849.0,791.0
,Pakistan (National),,,2025,Basic Health Unit,5561.0,6767.0
,Pakistan (National),,,2025,Rural health centres,719.0,6767.0
,Pakistan (National),,,2025,T.B. Clinic,410.0,154.0
,Pakistan (National),,,2025,Maternity & Child Welfare Centres (MCHCs),752.0,319.0
,Pakistan (National),,,2025,Doctors,245987.0,319.0
,Pakistan (National),,,2025,Dentists,27360.0,319.0
,Pakistan (National),,,2025,Lady Health Workers,21361.0,319.0
,Pakistan (National),,,2025,Midwives,43129.0,319.0
,Pakistan (National),,,2025,Nurses,116659.0,319.0
